Title,Description,CreationDate,DueDate,Priority,Completed
Complete Project,Finish the priority task manager,2024-01-20,2024-01-27,High,2024-01-21
Team Meeting,Weekly status update,2024-01-19,2024-01-29,Medium,2024-01-19
Code Review,Review new feature implementation,2024-01-25,2024-01-30,High,
Documentation Update,Update documentation,2024-01-15,2024-01-23,Low,
Bug Fixing,Fix reported issues,2024-01-18,2024-01-24,Medium,2024-01-22
New Feature Design,Design the interface,2024-01-10,2024-01-20,High,2024-01-10
Client Presentation,Prepare slides for meeting,2024-01-12,2024-01-22,High,
Database Optimization,Improve query performance,2024-01-14,2024-01-28,Medium,
UI/UX Testing,Test the application design,2024-01-16,2024-01-25,Low,2024-01-18
Marketing Strategy,Plan next quarter campaign,2024-01-11,2024-01-21,Medium,2024-01-12
System Migration,Move data to new server,2024-01-05,2024-01-15,High,2024-01-07
Product Launch,Execute go-to-market plan,2024-01-08,2024-01-18,High,
Security Audit,Review system vulnerabilities,2024-01-17,2024-01-27,Medium,2024-01-20
Legal Compliance,Update company policies,2024-01-09,2024-01-19,Low,
Customer Feedback,Analyze user reviews,2024-01-13,2024-01-23,Medium,2024-01-14
Software Patch,Fix reported bugs,2024-01-06,2024-01-16,High,2024-01-08
Networking Event,Attend industry meetup,2024-01-07,2024-01-17,Medium,
Hardware Upgrade,Replace old servers,2024-01-02,2024-01-12,High,2024-01-03
Employee Training,Conduct technical workshop,2024-01-04,2024-01-14,Medium,2024-01-05
Annual Report,Prepare financial statement,2024-01-01,2024-01-10,High,2024-01-02